{
    "rewrites": [
        {
            "source": "/(.*)",
            "destination": "/index.html"
        }
    ],
    "headers": [
        {
            "source": "/sw.js",
            "headers": [
                {
                    "key": "Cache-Control",
                    "value": "no-cache, no-store, must-revalidate"
                },
                {
                    "key": "Service-Worker-Allowed",
                    "value": "/"
                }
            ]
        },
        {
            "source": "/workbox-(.+).js",
            "headers": [
                {
                    "key": "Cache-Control",
                    "value": "no-cache, no-store, must-revalidate"
                }
            ]
        },
        {
            "source": "/assets/(.*)",
            "headers": [
                {
                    "key": "Cache-Control",
                    "value": "public, max-age=31536000, immutable"
                }
            ]
        }
    ]
}